,name
user_id/pid,943
ABQEJ7YQTNQGMXZV,452
ACBEAWCZBU7RZGGJ,131
ACBEB3489M4NQZBD,90
ACBECFGT5ZWMXAVZ,209
ACBECFGT6YXGSNU4,86
ACBECFGT74DBRJRT,26
ACBECFGT7MVYRRHJ,392
ACBECFGT9FTPGEDC,219
ACBECFGTEC5DXHPJ,299
ACBECFGTEVJ6WB6U,89
ACBECFGTFHXMJYVM,236
ACBECFGTFNZBEKGR,267
ACBECFGTGENHAGDR,184
ACBECFGTGFXBKKYH,183
ACBECFGTH6NHZXYZ,293
ACBECFGTHFJG5RHZ,39
ACBECFGTHHNXBVVZ,92
ACBECFGTHYEUNK4C,10
ACBECFGTHZZWGEHV,69
ACBECFGTNBRWD4TM,72
ACBECFGTPKCWZCFV,84
ACBECFGTPPECWHKZ,297
ACBECFGTPZXUZX7E,182
ACBECFGTQUJ7XHXJ,174
ACBECFGTRZCFBJZJ,293
ACBECFGTT7FRDPMG,73
ACBECFGTUMPYFR6Z,57
ACBECFGTXZYTZBQZ,276
ACBECFGTYJ3E8VHE,114
ACBECFGTZE2QDGR5,37
ACBECFGTZHFZ64PN,154
ACBECFGTZNHSQHXF,81
ACBECFGTZWAHZZFC,97
ACBECNEZYZGNZZAZ,7
ACBECZG4GBUS9ZE7,11
ACBECZG4MSZBWZQT,13
ACBEGNRDC8MDNRCW,8
ACBEGNTVH7QYGJZU,120
ACBEGWQ2REAGC6JZ,87
ACBEHDU8AZDTXQ5J,57
ACBEHDU9PG5BSYYM,37
ACBEHDU9Z9DGZP9Z,148
ACBEHDUASPTC7JBZ,40
ACBEHDUATE73ZUFF,79
ACBEHDUB7GGNTQSN,80
ACBEHDUBH8GTD2UC,27
ACBEHDUBQHXTPAVK,133
ACBEJCZ5VZMUNHR4,117
ACBEJCZ6GBFFFWGY,81
ACBEJCZ78U6BFZYF,583
ACCDPDJVGNGNX7QE,81
ACCDQDYBDNZRPMSW,91
ACCDQDYBHJGAG4NQ,128
ACCDQDYBKTC6G9GH,104
ACCDQDYBMZDHCNRA,149
ACCDQDYBNKEVMMCU,394
ACCDQDYBPHVQ9EFC,40
ACCDQDYBQ7YH7EF5,175
ACCDQDYBQZPEEXTY,83
ACCDQDYBUGDKDYJS,64
ACCDQDYBXJ9HZF37,59
ACCDQDYBYCX69WHA,127
ACCDQDYBYVQZNHCH,82
ACCDQDYBZEQG6HPZ,283
ACCDQGVSDZ92ZWGW,115
ACCDR3Z6KVFHCZQA,162
ACCDRFVG52PHVRSK,103
ACCDRREFMB99QZ42,134
ACCDSUZJGMZD9FHZ,321
ACCDSY8E3XGY8UFZ,251
ACCDSY8EAED5TGZY,220
ACCDSY8EDTGSEZD5,129
ACCDSY8EGJPW7RJB,128
ACCDSY8EHHF5TSKC,7
ACCDSY8EHJF6GRMG,5
ACCDSY8EMKXZM8EW,54
ACCDSY8ERUYRYSUA,151
ACCDSY8ESXF9AUHY,33
ACCDSY8EYJ6PTNGT,336
ACCDSY8EYXYYYYVK,68
ACCDVDC8S5JWEE6X,110
ACCDVPGKY3GBDB5P,261
ACCDWG6GYCXXABPZ,176
ACCDWGG3HSCGUN9V,18
ACCDWYMTHZYE2JPA,58
ACCDX8ZT6GGZDFHX,150
ACCDX8ZT97AVKURV,138
ACCDX8ZTH89YR2ZF,213
ACCDX8ZU3GT4AGT3,275
ACCDX8ZUCDGVWWWB,95
ACCDX8ZUEWUKFHHQ,143
ACCDX8ZUGJDYYJ43,104
ACCDX8ZVV2RCNYCY,112
ACCDX8ZWFQUEPHPU,137
ACCDX8ZWQFTTGZYK,219
ACCDX8ZWQKAHKXCM,295
ACCDX9Y3MJET7BHY,256
ACCDX9Y3ZR9EUGXJ,390
ACCDX9Y48HVQYFEK,172
ACCDX9Y48Z8Y5XNG,508
ACCDX9Y62ETH4WGB,73
ACCDXF9HT5SHRYYE,54
ACCDXF9UAE73HDKX,15
ACCDXFA5QFCZZ4WZ,5
ACCDXFA6DYGMS3FZ,74
ACCDXFAGYWTHWYGT,71
ACCDXFAJ8NGKEQ5A,42
ACCDXFAMJSGUGTZQ,65
ACCDXFFD7H52GCDD,130
ACCDXFFDW2X8MRFF,31
ACCDXFP22ZWFQX7R,272
ACCDXFP2HFYAWDBT,20
ACCDXFPF4KZFGJEF,9
ACCDXFPFEDJCKQJ3,67
ACCDXFPFH66QGGR2,15
ACCDXFPFTPKVGRQZ,125
ACCDXFPYAGWPT5WZ,378
ACCDXFPYCSFXCJU4,293
ACCDXFPYHYPFXGCY,4
ACCDXFPYT58AGGAF,67
ACCDXFPYVJCMFGET,429
ACCDXFZXGQTBTM6N,106
ACCDXFZXH75VJZE8,115
ACCDXFZXSFTHCQCR,187
ACCDXH5EBSDJFXHR,244
ACCDXH5FBZWDPPHX,97
ACCDXH5G5BB2BGUA,413
ACCDXH5GDRTGXQ6K,65
ACCDXH5H3FVMCQT8,129
ACCDXH5HDZZU8QRH,23
ACCDXH5HUUZCHVZG,95
ACCDXH5JAMHWFH8C,246
ACCDXH5JGXMTZFTZ,171
ACCDXH5JHWBCNQQ4,198
ACCDXH5JWYYPBBGC,259
ACCDXH5JXWABF7GH,105
ACCDY6GSECHXANDS,171
ACCDY6GTHNEAPHM3,19
ACCDY6GVZYHGRRPP,50
ACCDY6GWDTT9TMNY,61
ACCDY6GXEZDPDUCA,72
ACCDY6GYCSJ2UTHY,57
ACCDY6HY6THFGGV8,222
ACCDYAGVFPSCPQUY,243
ACCDYDY68JNBV4BZ,65
ACCDYDY6DPCHAN7Y,10
ACCDYDY6PBZGPYDT,185
ACCDZKG4GUTXGYQZ,128
ACCDZY24EZN3T4DU,23
ACCE2SXDBTYNYYQ3,157
ACCE2WC8KXAKMNAF,326
ACCE3YFF2ERBY5ZV,82
ACCE3YFF4D4KYBF4,247
ACCE3YFF5RDZJKG3,174
ACCE3YFFDZYHG4MM,98
ACCE3YFFEW3TAXZA,148
ACCE3YFFQY82H72D,127
ACCE3YFFWB4HHHG2,60
ACCE45UGGC7GVAVG,101
ACCE4CYBAAGAFDTQ,69
ACCE4JKYGQGYYHBG,220
ACCE4NR3ZTDM2UZX,106
ACCE4YAHHTZNGUCB,92
ACCE558K8QZGMAHM,151
ACCE558KTS5PCGMF,64
ACCE558KZHEPZYMG,58
ACCE5H2YFHX6HFTU,67
ACCE5H2YP2AA6RWX,316
ACCE5HFW5TFRJ2ZE,118
ACCE5HSSFHVYZFGH,121
ACCE5HSSJCKAKSBJ,65
ACCE5UKY6UXGVT9P,367
ACCE5ZCYYWU7ZX5P,324
ACCE63YUA7ZPMV33,420
ACCE6CRF92JBR2HT,208
ACCE6DZC3FYVKWHK,284
ACCE6DZC4SANU636,137
ACCE6DZC4YWVGMZH,125
ACCE6DZC6Y5ZYCZ7,221
ACCE6DZCAGSQEW3B,221
ACCE6DZCFX6JK8ZJ,507
ACCE6DZCGNZWZJYR,226
ACCE6DZCHNHYHZZJ,291
ACCE6DZCJZ3M2DAT,116
ACCE6DZCK6XYXSWG,239
ACCE6DZCN3VN5ZSN,251
ACCE6FZPCZQ2HYJX,209
ACCE6FZPTNC3UGSG,170
ACCE6J23PMCFS9ST,66
ACCE6P3A5JC6BDHZ,124
ACCE6P3BBZD72UJ6,276
ACCE6P3BKHFJ5XCZ,116
ACCE6P3CAUF6GFEW,157
ACCE6RHG47DESW3Q,241
ACCE6TJTBHE6YHDJ,301
ACCE6TJTRVGZSZGB,251
ACCE6YRAHZCTEFXH,239
ACCE73VFWU9JYKEF,127
ACCE74HCBUZZYH2X,165
ACCE74HCM54BZFAX,206
ACCE7B8NZXHA5ZV9,89
ACCE7GPZB3AZCFJZ,280
ACCE7NQEW82AW6HY,182
ACCE7XGJXH9JZG59,350
ACCE7XGJZWRHVHPH,136
ACCE7ZK9GP3YCHBP,50
ACCE87C2Q7Y7YARB,66
ACCE8C3YU6JDREMH,200
ACCE8DY6GCGZSNYJ,191
ACCE8FG4JHHCTJDY,331
ACCE8TZFCREV9NK5,206
ACCE8VP6PZDUEYGP,92
ACCE8WYMVWNXBBAH,134
ACCE8XUCYRB9ATHZ,114
ACCE8XZM3YGBZ6BZ,212
ACCE8XZM4RKCP364,290
ACCE8XZMAHNC8JVS,120
ACCE8XZMBCKRGRVS,171
ACCE8XZMD6J8HBY3,111
ACCE8XZMDHKTDDTY,66
ACCE8XZMDKTAZBAH,74
ACCE8XZMDYUKF8SG,365
ACCE8XZMEQ5C2MU7,136
ACCE8XZMFNFCDPXE,44
ACCE8XZMHMZTERSN,109
ACCE8XZMK22VHFTH,166
ACCE8XZMKHTPSVFW,161
ACCE8XZMZKPAJRGV,244
ACCE93GXBKVUSHVD,171
ACCE93ZDRDSJD3RG,199
ACCE9E2RT56M3GSU,142
ACCE9E2RYP2JXVBY,101
ACCE9EYRRNZYZUBG,124
ACCE9VGJEGJDTPHY,280
ACCEA4DRT4BEY7TK,217
ACCEA66TZQRT23RN,45
ACCEA7PVQP8H27UH,384
ACCEA8JPDNTF7NZN,256
ACCEA9K5ZCDNRGXN,150
ACCEABVY46SXFZW5,156
ACCEABVY6Y3HJHHG,128
ACCEABVYXNHCT8UE,117
ACCEABW85UJZ7BMZ,132
ACCEABW8QWGJANDU,48
ACCEABW8VUK4NHQS,240
ACCEAHRF2C8HJ3PH,124
ACCEAHRF4CYDEGGB,5
ACCEAHRF4G8FZA8P,160
ACCEAHRFBR6PTFZZ,130
ACCEAHRFCDZHX2CG,197
ACCEAHRFFBDWUM5V,46
ACCEAHRFFH3S7HFF,158
ACCEAHRFFKPGUGGX,26
ACCEAHRFHPRZYETJ,62
ACCEAHRFSGVQHE6T,172
ACCEAHRFVZCK8T8H,16
ACCEAHRFZFNGZMET,303
ACCEAMGZF5ZHHKJK,509
ACCEAMGZGAQWYYMV,162
ACCEAMGZHGXYJSHR,127
ACCEAMGZMAXHG3M5,43
ACCEAMGZRRYVAHDC,66
ACCEASSUYWK9GAWX,19
ACCEAT6AZZJ6GRSQ,101
ACCEATGZU9QWN3XR,227
ACCEAY5YHCXTV8XR,35
ACCEAZCV3HFDYAHT,9
ACCEAZCV5BHHDHFK,255
ACCEAZCV9DGDZDDD,315
ACCEAZCV9RKUAMHA,136
ACCEAZCVABRA3MXR,211
ACCEAZCVAMFHDPY7,198
ACCEAZCVAR9UDBGF,223
ACCEAZCVBHKKDVMZ,190
ACCEAZCVDZH4YF57,268
ACCEAZCVEKWMNSEY,298
ACCEAZCVGDCYTVYA,71
ACCEAZCVGGGWZGKU,60
ACCEAZCVGHVNJ5YX,28
ACCEAZCVGMG4PW37,85
ACCEAZCVJZFACTYS,146
ACCEAZCVK24U8KVZ,232
ACCEAZCVKBUXGJHY,177
ACCEAZCVKCFSN4Z8,193
ACCEAZCVMCRXYYFK,162
ACCEAZCVNCRZFDJG,481
ACCEAZCVNKDCDDRU,78
ACCEAZCVNQYF3NS4,478
ACCEAZCVPD9H3UST,259
ACCEAZCVPTGEGVMR,96
ACCEAZCVQFFGVXPB,127
ACCEAZCVS4YGWUVH,114
ACCEAZCVTGP3N4TW,147
ACCEAZCVU9RPHNFG,485
ACCEAZCVVFPBJAGB,77
ACCEAZCVWMCUN6MZ,6
ACCEAZCVWSQFGFSK,50
ACCEAZCVX4EZAQHZ,194
ACCEAZCVXMF8SC2B,73
ACCEBEZZEQZ3SSAZ,431
ACCEBHMUGKC35PRQ,230
ACCEBJBHE7HH67XN,297
ACCEBUEKVFFUX2DE,134
ACCEBUZ5YFCZFECG,149
ACCEBVT585S73BEW,87
ACCEBWRHKPQCGJNF,96
ACCEC87TREZYJJPE,188
ACCECHF4VZYHA4XZ,30
ACCECM8RTZYSWSBW,28
ACCECZTCGM5QTWWF,145
ACCED55XH9CPWYPM,75
ACCED55XRZT9N2HH,80
ACCED9SYEFGGKHZJ,350
ACCEDCYTFNHAVRKN,5
ACCEDFVFVMKXJGGG,160
ACCEDJHQHQBZQY46,112
ACCEDNXYRZWBPFDF,102
ACCEDSKGPSQFT79Y,298
ACCEDTNRADHZ35UD,168
ACCEDTNRCATDEC54,20
ACCEDTNRJXYZHZZW,169
ACCEDTNRUGDPRPZZ,218
ACCEDTNRVGAGRCWF,240
ACCEDTNRXHXZKH4G,125
ACCEDTNRY73AGEHF,128
ACCEDUUFVGNTC7ZW,175
ACCEETKC9MMAFHTA,175
ACCEEV5UV5NV4PKZ,295
ACCEEV5V5ERYC6RN,45
ACCEEV5V5VD5DR9C,41
ACCEEV5VN3XFH8CH,113
ACCEEV5VVP97HRTR,143
ACCEF2R7ZWEDG674,251
ACCEF2TH2YRDRZCR,64
ACCEF3Z2XMEEJVWE,21
ACCEF3ZFTEZNYMHF,43
ACCEF7Y8FWFQZZZG,18
ACCEFET7MKNAJVAH,91
ACCEFMU3W9JTAHMQ,47
ACCEG78UFRPGUTVZ,189
ACCEG7AG8EUZRRZY,11
ACCEG7DAYFG48SSH,52
ACCEGBTPV5PPBHVD,124
ACCEGCASDTW8AW4G,55
ACCEGCATKHNRXUHW,65
ACCEGCAVGGPQPH84,126
ACCEGCAVP2NZEETM,137
ACCEGCAVVG6GQ8P5,27
ACCEGF6WWRAUMRPT,31
ACCEGG7KUYJWDUUG,41
ACCEGG9UKGNPHBT2,20
ACCEGG9UN8H6EHGA,26
ACCEGG9V98NCXGPE,14
ACCEGG9VGRMQGHRD,72
ACCEGG9VJJHGYPN4,41
ACCEGG9YCGHJGSZA,97
ACCEGG9Z4QCZJZFJ,264
ACCEGG9Z5UB2JZYH,143
ACCEGGAF75RZUBTU,18
ACCEGGAYDMUYE7SK,10
ACCEGGAYEGAQ8ZQP,10
ACCEGGAYF5HTP4RG,28
ACCEGGAYKTBCGT2R,47
ACCEGGBSWNJB4QEF,37
ACCEGGBTG3HMNHNA,48
ACCEGGBTHFC95B56,47
ACCEGGDGP2KETAD9,170
ACCEGGHE7H4QBGSC,31
ACCEGGPTXXYWRBSP,55
ACCEGH6QCJSFGH6W,39
ACCEGH6QGCGAZBFZ,67
ACCEGH6QZH3EDXK5,34
ACCEGH6RHZMYYWPQ,39
ACCEGH6RNERXNQHW,11
ACCEGH6RPWY9DHAB,23
ACCEGH6SEMYHF34Y,24
ACCEGH6SF89RGZQD,13
ACCEGH6SF9X3PD9P,101
ACCEGH6SFSXZA5XA,43
ACCEGH6SHJECW8UG,116
ACCEGH6SKGWKFW3Q,100
ACCEGH6SND8XZXTS,111
ACCEGH6SPZF3AHH6,31
ACCEGH6SQEPM7FDE,69
ACCEGH6SSPNXVMWQ,208
ACCEGH6TEZ8CAXEH,87
ACCEGH6THHTB6FHH,65
ACCEGH6TMFNCMYJB,28
ACCEGH7AFNBQXZJQ,27
ACCEGJ6KADZTTH3T,10
ACCEGK9TXV3RMMXY,59
ACCEGKFCXHZZH44S,68
ACCEGKFEZFBG3DZW,192
ACCEGKFFSRRVD7Y8,12
ACCEGKFG5VWCR3JG,56
ACCEGKFGE9EGBSBZ,54
ACCEGKFGPM6SBFFQ,12
ACCEGKFHHFX5B8HJ,26
ACCEGKFHRFGN6XZB,89
ACCEGKFHRM4ZGYZP,18
ACCEGKFHWYVFNCX5,76
ACCEGKFHY56SPT5K,170
ACCEGKG4S4B7QGGT,201
ACCEGKH2G6HGSWNZ,101
ACCEGKTS5S53KQVD,344
ACCEGKTSGJEEVTZ4,49
ACCEGKTSWHU8GTRM,43
ACCEGKTTMBKZT7JR,112
ACCEGKXQ2AQQ2AQV,70
ACCEGKXQ8XFPHC9T,162
ACCEGKXQ9ZFSWKMU,163
ACCEGKXQH5DAPEES,93
ACCEGKXQQTDGDXZP,55
ACCEGNVAB72PPVYN,62
ACCEGNVADAYPFTER,25
ACCEGNYUMARHZWGW,64
ACCEGP52WRHFURYZ,73
ACCEGPBYNU6BPFNR,129
ACCEGPC9DA8TGRYY,178
ACCEGPCZHTGQCH4S,81
ACCEGQ5TP5TSZRK3,106
ACCEGSAZPGAHTHNH,26
ACCEGUY72CYWXAEW,300
ACCEGUY8QWCBHFVF,19
ACCEGUY9BNMCFZ8P,85
ACCEGUY9FZGSGFUP,32
ACCEGUY9JUCX2SGP,219
ACCEGUY9UY7UQTNF,121
ACCEGUY9XYXUMRDA,97
ACCEGUYANPHVDGNK,93
ACCEGUYAVVWTFTF6,153
ACCEGWH3M56QEA7Q,174
ACCEGWH3SKZJQXJQ,171
ACCEGXDJHFEDFPPJ,67
ACCEGXDJMWKWYHPP,216
ACCEGXK4RRVYHJZR,99
ACCEGXK4XKRYAD3S,5
ACCEGYP259YXZJ4H,6
ACCEGYP28HFF9ATP,5
ACCEGYP28HSG3DMK,14
ACCEGYP2DUKTZP9H,53
ACCEGYP2E2U5ZMGQ,4
ACCEGYP2FYTWVKUB,162
ACCEGYP2TMX2NUPH,46
ACCEGYP2U9GYXRBX,22
ACCEGYP2ZNGRUETZ,9
ACCEGYPF35GBXNGB,121
ACCEGYPGD9XH3RKR,85
ACCEGYSC7S7HARGB,117
ACCEGYSD3FSRZXEH,63
ACCEGZ5PGHCDZTNY,170
ACCEGZ659MWTNBAG,66
ACCEGZ65AEVGSGZ7,16
ACCEGZ65UFENYQG5,16
ACCEGZ65ZJHXZEVH,145
ACCEGZ66ATHMFPJV,48
ACCEGZ66HG5DH7ZH,27
ACCEGZ66HGA5WZTY,90
ACCEGZ66PXG5AHHJ,24
ACCEGZ66RFRUZXFY,28
ACCEGZ66UZTKPAF6,74
ACCEGZ66Z3SSJEGS,148
ACCEGZ6B7ECDKEJQ,71
ACCEGZ6B9MYUTYST,27
ACCEGZ6BBHDP23K8,85
ACCEGZ6BCUUKPVZR,52
ACCEGZ6BDHTWARMS,48
ACCEGZ6BGHHFMDZH,64
ACCEGZ6BJFUPXFEE,67
ACCEGZ6BJZXBSCCG,108
ACCEGZ6BRBTGQWZY,221
ACCEGZ6BS95BBYH4,158
ACCEGZ6BS9JKBF5P,126
ACCEGZ6BUESXR4VH,194
ACCEGZ6BWVQYWWDB,250
ACCEGZ6BXGHYHZJU,160
ACCEGZ6BY4ZPBWWV,95
ACCEGZ8AUMFBZGJ2,104
ACCEGZ8EWQ7RMZTZ,179
ACCEGZ8GDQKDXMTT,179
ACCEGZ8GRVUADQ4Y,63
ACCEH5SDB7WJKN3F,128
ACCEH5SDBF7JBMY9,243
ACCEH5Z2YUKYQBFP,138
ACCEH74HAGTY6W8P,125
ACCEHA9FJK8VMZEG,64
ACCEHHR5ESZAXDPA,68
ACCEHKGNZCXWRVFM,65
ACCEHPWEJZG9FR8M,52
ACCEHPWENYHHSF3D,50
ACCEHR4HMGHFRQAC,67
ACCEHY86UG6B63AZ,59
ACCEHY8AEDYU3W3T,60
ACCEHYWDPRTRMCMS,56
ACCEHZF95ZRCKACD,59
ACCEHZF9EDRGHXCF,231
ACCEJ6BRYHZVTDGF,68
ACCEJ6TE5XZANPB5,152
ACCEJ6TEH8FYHEFG,62
ACCEJ6TEHCH7MCQ3,31
ACCEJ6TEQMU55MFW,123
ACCEJ6TERMX32VGN,57
ACCEJ6TES5HRPFTG,39
ACCEJ6TESY7AFT5W,122
ACCEJ6TEWH4WGYNF,68
ACCEJ6TFUBHAYTM8,90
ACCEJEEYKYZKGH3C,98
ACCEJGH5QTFVXQZT,215
ACCEJGH6JVTM4CBH,121
ACCEJGYYMTQR4JXY,121
ACCEJGYYYCGETMGA,173
ACCEJNF6ZRPRFFHV,57
ACCEJR2FXPFFX5H3,72
ACCEJSKZZGRHRGQH,180
ACCEJWHSGXGRWPKN,201
ACCEJWHTY2HVMG7Z,63
ACCEJWJKZAGJFWCB,91
ACCEKFVVHCJHKVCR,89
ACCEKFVVZJMTYWPK,80
ACCEKFVWCGHSY6NF,124
ACCEKFVWGHGNJGP4,120
ACCEKFVWGNASHCFK,35
ACCEKFVWTGZXG5XK,164
ACCEKFVWTZPD5HPT,46
ACCEKFVX9RJR743C,73
ACCEKFVXCGWGCH7H,124
ACCEKFVXGGHZ9VES,195
ACCEY6JYDGGESWXC,121
ADPEFWFYB39SBAGE,93
AIRE98PZ7PC54SRA,80
AIRE98PZBVSXHCBG,129
AIRE98PZEWXEQFVC,22
AIRE98PZQXREURYP,15
AIRE9B8EKTNR8J4B,13
AIREBA9VGER68DFH,54
AIREBB9APEFZYSFB,10
AIRED9YGJWG2GXUK,30
AIREDGGD9RJPZGYW,66
AIREDJCGZN2HKZHJ,44
AIREDJGYAHPBXTZS,43
AIREFFFUHNZVZQVR,49
AIREGHYGSZKZYZBB,51
AIREGYJGHDMKNARY,21
AIREGYP4RAFQGZVN,71
AIREGYYZRAPHRFGD,12
AIREHYB5RUPCQN9U,254
ANKEGPVMFV9BJBJM,41
ARCEHC8QWFWNHZGE,12
ARPEDQM39KH99YSG,92
ARPEDWXBWZSBKWV8,151
ARPEE3YX9Z4QGJ86,24
ARPEE3YXEPFNJGUZ,45
ARPEE3YXZJUYZF49,63
ARPEEMC95HMYAJNH,102
ARPEEMCAMGADRCGQ,10
ARPEETMFEHACKNA9,12
ARPEF9YKMZBE6KVM,17
ARPEFYZQ7PZSTFFS,70
ARPEFZT4FGYZZHAZ,137
ARPEFZT4KHXGY4XX,22
ARPEG54NHHJDT9FZ,59
ARPEG55TGY4ZSPNX,48
ARPEGDHSXZJSHGSN,29
ATAEF7HJZ34DPNQE,27
ATAEJ9E5YUYVUMSZ,22
AUDCY8T7KPEG3ZZF,179
AVCEASGPSFXKFXB8,35
AVCEFURSJBG924HG,230
AVCEJCHAEKGNFRHN,67
AVCEJCHCDNFTHSQC,50
AVCEJCHCQKVXKGNE,28
AVCEJCHZ2GVMBVP2,29
AVCEJCJQGVPZ7RWD,33
AVCEJCJQWBYMNPGU,15
AVCEJCJSV7YSUEGN,44
BAAEGHPNYQ5JMZNZ,93
BAGEH2A4GHTVQYX5,41
BAGEHQ64CJMVM5WY,92
BAKEHZBZFWYNKSA5,19
BALEDMVBJHEQRJS5,32
BALEEZ2A4SWPXJU4,59
BALEEZ2BZZ3ZT99G,168
BALEGAR5KQXZZV73,37
BALEGF9PZWC68R3G,79
BALEGFWE2Z7GTDMS,39
BALEGFWGYHBSY4UE,34
BALEGFXZGSRGJKJY,14
BALEGFXZZ3MRZYVC,202
BANDNHT9FSHKAEYM,43
BAREGAHW4DESS2FS,18
BAREGGF8JSE3HTF9,178
BAREGGF8KXRWMGZK,9
BAREGGF8NBTFWU4G,12
BAREGJ8B2Y3TPUWH,5
BAREGJ8BSB7QZ8SG,64
BATEGR3ZHKPGMHXD,127
BBADR6BH7Y9CTAEH,206
BBADVC3FTSDUUQD2,4
BBAE4BR6DH4DYCFZ,1
BBAE4BR6EHHHGPYM,2
BBAE4BR6QAUEK73K,20
BBAE5W34GYHRFW3S,50
BBAE6GAWXPSTTPC8,209
BBAE9K7BXFUTDNBK,81
BBAE9ZSFDZ5JEFGA,31
BBAEAGXHJGPGXMYG,66
BBAEAX9RJMZKFY3H,66
BBAEBMPYGY9XRK5M,30
BBAEBSGBZHAAQNSZ,60
BBAEC897YCBZPV8H,41
BBAECEJ9FPDUZECT,40
BBAECH863BHGQGC6,34
BBAECKHYXGE3VJXB,27
BBAEDVYSEN75YZZ7,51
BBAEEBGMPBGA2GZU,59
BBAEFCZMPZXMYXHZ,64
BBAEFKXVJFAAMU9W,18
BBAEFKXVXVM8SYZW,18
BBAEFYZ9HC3R7CSS,64
BBAEGF8HPVZYJ6CH,43
BBAEGFCTGA8BCDTA,11
BBAEGFFCHHVSHHTX,39
BBAEGFFGE9YP5PFZ,39
BBAEGFHEYYMKHFZR,22
BBAEGFHXHG9BJS8K,82
BBAEGG4GZGW6TUHQ,4
BBAEGG6DGZUDGSQW,75
BBAEGG6ERJXKKTCR,169
BBAEGG6EZGVG7XZC,77
BBAEGG92TNZXGWP2,31
BBAEGGDCFERYAQHU,119
BBAEGGDD5QZWZQDT,58
BBAEGGDE8QWHDEYB,69
BBAEGGF3HF3ZPBVG,24
BBAEGGYMPH6QYBFF,23
BBAEGGZEDHNZRKWM,91
BBAEGHKRYKUQDXBH,38
BBAEGJFQNBWP6G4G,44
BBAEGJFQSXZSNB67,40
BBAEGJFQYX2ENC4X,82
BBAEGJFQZTGFHJHD,33
BBAEGJFRDFNK9FCH,89
BBAEGNUNHHZEYSPD,4
BBAEHQKMBQTG3E6J,35
BBAEHWDDMZNYAA3R,27
BBAEHWDDQ3PGHJ6J,38
BBAEHWDDQZRB8BY3,70
BBAEHWDDZHUCSFWQ,67
BBAEJA4VWFFEZARG,50
BBAEJK8Z5UD97GTP,72
BBAEJKEAE2TT5M5R,171
BBAEJKEBQGU5CPUT,90
BBAEJKEC2HXUHKQE,34
BBAEJKECZ2ZNAUZQ,147
BBAEJZCA6NYFVFJR,227
BBAEJZCAK4YJFHMN,44
BBAEJZSPWSYRUGRJ,131
BBAEY9YKJHHPGZCE,79
BBCDPFZM6V585ZZE,115
BBOEGP4HM4C5WXVC,153
BCHEG58AVZ4EKZAP,88
BCHEGSMPHEHY98FG,82
BCHEGSMPSRGNPAMN,116
BCHEGTS9Z3RKZYTM,46
BCHEGTZFDWMDGEJB,100
BCHEHYMBZQ8ABUUY,5
BCHEHYUH8K4NQBJD,12
BCHEHYUHBEVHSFU7,6
BCHEHYUHMUT6XFCQ,13
BCHEHYUHTSPKFRGF,36
BCHEHYUHYR9HASY5,46
BCHEHYUKDZZPZBH2,65
BDAEGVFSHNTGUZFQ,86
BDAEHFUJJSGZPCVA,48
BDAEHFUJVKRGTS2F,54
BDDEH93ZEEZY7CHM,77
BDEEHQXBEBPVDFXX,1
BDEEHQXBKNGTAKRU,219
BDEEHQXCHZ3CHYDZ,107
BDGEFMYFVFZQEHVK,34
BDGEFMYFYA6FK6HA,27
BDGEGEGCMBZEBC4S,100
BDGEGEGCXVSRPJXZ,49
BDGEGEGCZ5ZDXBX9,169
BDGEGEGD6EFK9CRM,157
BDGEGEGDEKYKWS3C,50
BDGEGEGDXYHYAJQN,69
BDSE7FQ52B4P2Y6G,44
BDSE7FQ5QTGYQDH4,87
BDSE7FQ6KZCDTFPZ,155
BDSE7FQ6SEDGMVPK,16
BDSE7WQ37UVSX7SK,164
BDSE8FTAQMBCVFUA,91
BDSEGCYH59Z8HXRR,44
BDSEGCYH6DKCNCMZ,13
BDSEGJBR736FBGUE,79
BDSEGJBRDPGXNJSZ,40
BDSEGJBRDTHP5VMS,10
BDSEGJBRR2HQ8E3G,102
BDSEGJBRVGWMTQZU,15
BDSEGJBRY7SRXBCH,10
BDSEJJ6U2FXUM3S9,53
BDSEJJ6USEQZS3QA,19
BDSEJJ7CDYYK8V8Y,24
BDSEJJ7CEFDSZSDN,137
BDSEJJ7CG69JGCBM,6
BDSEJJ7CMKHRWVCZ,70
BDSEJJCKFGYZR4GS,101
BDSEJT9UQWHDUBH4,104
BDSEJTHGGZH3HSJF,79
BDSEJTHNGWVGWWQU,1
BELEG68SBMZFFN5Z,51
BELEG6KUK6ZBFTZJ,72
BEMEGFHSDCNRX9SG,13
BEMEGFHSMHZYNZB8,87
BEOEGXRVBCDZKUDU,58
BEOEGXRVKHSGJHMR,82
BEOEGXRVQPCKJHYC,16
BEOEGXRWE4NDBJNV,29
BEOEH25NTUDGG5TT,86
BEOEHHQZNTHHXAFH,54
BEOEHHQZYG2VSX6W,58
BFAD3ZJYYCXDAVGH,34
BFAE2V5YU3ZQXWCN,76
BFAEYCBMXNQQJ89Y,16
BHGEGTATAHA4HS8Z,14
BHGEGTATDSHFENHT,63
BHGEGTATPZRZ8HHQ,45
BHGEGTAUGPMZXNDT,81
BHGEGTAV2TMUKR9J,24
BHGEGTAVHTQBGGWV,39
BHGEGTAVKNNCPUGG,180
BHGEGTAVV8YFRFGZ,15
BHGEGTAVWRZQTU6T,27
BKPECSXKNFNASYRN,137
BKPEGUJHJFYS4FCU,78
BKPEGUJHQSJUZBVF,59
BKPEGUJHT7JGMGUQ,31
BKPEGUJHZSTFPHCG,164
BKPEGXU97PFBDHW4,63
BKPEGXU9NZQRQGF2,58
BKPEGXWHXG4GZWET,267
BKPEGXYVHZBG2PUY,39
BKPEGXYVWNVFFGHZ,92
BKPEGXYVX4CG7UWX,16
BKPEGXYWGBSBZUN8,119
BKPEGXYWWJPETZZA,102
BKPEGXYYEH5XD32T,316
BKPEGZC2B9WHH3U3,51
BKPEGZCC4ATUZ2TQ,124
BKPEGZCCZ7FCKTSZ,180
BKPEGZCDHQUXWAAM,39
BKPEGZCDVDZUMGHZ,24
BKPEGZCFPQUSG89G,57
BKPEGZCFYTJXMRGY,96
BKPEHD443RRF8PN3,128
BKPEHDNGPAUZZXHZ,4
BKPEHTGBH5GGWENP,21
BKPEJYF3ZAYZBNBM,11
BKPEJYFF5ZEUDCYD,46
BLAE6DPHFYECGZ68,44
BLAE6DPHGJXV84EH,115
BLAE6DPHRB25VEHK,149
BLAE6ZNNDQZXKCHQ,29
BLAEAHGV37V3A2GG,32
BLAEDJNKEWUHHBF5,9
BLAEE2GNSTEYGRFF,11
BLAEE3YX3WETHSZD,52
BLAEE3YXZGWWT8UD,42
BLAEE6KTDSUHYYSJ,57
BLAEE6KTGFDV8NGP,41
BLAEE6KTJRCUYPFG,49
BLAEE6KTKJGZBXXZ,17
BLAEE6KTUAEBTDKS,32
BLAEEB88PCH2DKHD,26
BLAEEGQXXXKECK8Y,9
BLAEEH2ZH8PNRD6M,4
BLAEEH2ZJ3G9DA7G,76
BLAEFNHBFWEXG6YM,31
BLAEG2BDYCYDNW6X,69
BLBEJR22ZT2WUKBZ,84
BLBEJR23DFG4TZ69,10
BLBEJR23HPEFFCGH,37
BLBEJR23J2CTPFAU,2
BLKEBEUNFFPSFKHE,39
BLUEGT8Z5ZGGHGQB,14
BLUEGT8ZHVXSYAFP,13
BLUEGUWGH5GAGTGF,3
BLUEJQRHM9VA48GF,47
BMDEGVYDBZ7NHRZH,66
BMDEGVYEE6HXZJCK,10
BMDEGVYEMNWS2XH2,86
BNGEB467JXH6QER6,10
BNGEB467ZXZZ4HWS,46
BOLEDQ9GWZHESQF8,21
BOLEDTCXKEZP9MVG,36
BOLEFF83BGCR5QY9,31
BOLEHUEBRTVCGWMK,9
BOTEA8TGKVHDTSNW,5
BOTEDSEN9ZSFUUAQ,26
BOTEEMN6NM57HSBU,16
BOTEEWFAGTNGUQ5A,40
BOTEGYTZ2T6WUJMM,9
BOTEGZWGRM6MPZZD,8
BOTEGZWWMYKZG4GF,27
BOTEGZWZQRHK89DS,50
BOTEH2PGHGGCUPHH,9
BOTEH2PJRPBTGXMB,31
BOTEHDHNKZ9V6XMF,43
BOTEHZDGPGFHVQWJ,45
BOTEJRZF6THZAYNT,18
BOTEJT4QNFFAEKAG,18
BOTEJT4YZXKRPDTY,56
BRADM8DWHUGKNUE7,1
BRADM8DWKXXJDEHW,112
BRADM8DWS52HEGJV,21
BRADM8DWSRMPPNNX,3
BRADQZFYHJGCEDV6,25
BRADWDT4T8HG5GKV,40
BRADWDT4ZDKGNZDN,93
BRADWZ4K9GN5VCM9,22
BRADX3A8SH2GGZ7Z,4
BRAE2GWB6GSSCFGT,82
BRAE2GWBKZZTD3VH,49
BRAE2HNUAGVFHDPP,83
BRAE2M4Q4QTNHTWF,80
BRAE2M4QWF2FVMH5,57
BRAE2NF6E8SVUPTD,13
BRAE2NF6JA5GUEXG,34
BRAE2NF6JYPGHQEF,1
BRAE2NF6QBUFMJTU,91
BRAE2NF6S2ZYBQWQ,22
BRAE2NF6S8WKV2FE,49
BRAE2NF6TGZHV9ZZ,25
BRAE2NF6XGU42KGQ,15
BRAE2NF6XZZJ6EXG,26
BRAE2NF6YG24FGDW,25
BRAE2NF7GHGHTURG,4
BRAE2Z9VJ8B8FAD2,4
BRAE2Z9VKVUEJWZQ,53
BRAE3CYXV4JGWEDA,48
BRAE3MYUTWH6MYTU,27
BRAE3P8Y8UVRY43K,30
BRAE3P8Y9JUGVAYY,42
BRAE3P8YB385MSKN,176
BRAE3P8YE4GVXVYG,44
BRAE3P8YHGJF5WUZ,55
BRAE3P8YHUMGMYJE,9
BRAE3P8YJEQSSANK,53
BRAE3P8YRJ69HFQT,4
BRAE3P8YWVZGNYZH,4
BRAE3RFCGHJGVJ9Y,1
BRAE3RFCXFYJQ9B2,14
BRAE3SGZAU6XAJUQ,16
BRAE3SGZXAPZKGDK,66
BRAE3TSHPTKBVBHK,36
BRAE3TSHRTGMZA44,1
BRAE3TSHSGHYS8HD,3
BRAE3TSHUMQCTK6G,15
BRAE3TSHUNYCRAST,16
BRAE3TSHUSJJYKM7,3
BRAE3TSHUSSFTGHN,18
BRAE3TSHUUUJSXXN,24
BRAE3TSHUYHPFM4Q,86
BRAE3TSHVGGGXRHT,21
BRAE3TSHVMCW7NDZ,119
BRAE3TSHVWYHGGWH,6
BRAE3TSHW492YGSS,5
BRAE3TSHWHCZVZW6,24
BRAE3TSHWZREUJAC,9
BRAE3TSHXCW47UBB,75
BRAE3TSHXQXHZFZH,42
BRAE3TSHXZFRYAZQ,81
BRAE3TSHXZQHKPGE,39
BRAE3TSHXZXFNWXX,53
BRAE3TSHYGDRV2UC,47
BRAE3TSHYHHD8ZK5,52
BRAE3TSHYRVTD8GA,33
BRAE3TSHYTS4FCU4,136
BRAE3TSHYYHHMDRN,59
BRAE3TSHYZHBYFBU,45
BRAE3TSHYZTHHE2F,34
BRAE3TSHZ2XFSNUT,13
BRAE3TSHZ6KZBBZH,7
BRAE3TSHZ6SGEP9H,13
BRAE3TSHZ6VEKQUG,53
BRAE3TSHZCY2FJZY,64
BRAE3TSHZGQRFVWZ,15
BRAE3TSHZGWGT6WP,13
BRAE3TSHZQDVSGYY,43
BRAE3TSHZRMGEHDM,6
BRAE3TSHZSW8GTUH,53
BRAE3TSHZWH8YWED,14
BRAE3TSHZWSBH2UD,19
BRAE3TSHZXUEX7FP,106
BRAE3UG9NGHDQZZE,44
BRAE3UG9P8GJXZ2X,2
BRAE3WVQFNXCNJFS,58
BRAE3WVQGWYEUEZ4,9
BRAE3WVQHHRQFRTY,42
BRAE3WVQHJWKQZHZ,12
BRAE3WVQPYSZ54FF,42
BRAE3WVQSRGWGHZV,18
BRAE3WVQTK27MVHW,20
BRAE3WVQZZUJA4JW,27
BRAE3WYC8XAGUZ37,21
BRAE3Y3FFZGZFKZN,2
BRAE3Y4ZP6GF4JKT,20
BRAE3Y4ZZZJHJVHV,13
BRAE3ZDEXD5ZC83N,4
BRAE44SCYYFM74DE,4
BRAE44SUCTAAMU87,9
BRAE44SUWY4R349F,2
BRAE45XPZZABDMGH,11
BRAE4A6UCHSWTURJ,13
BRAE4A6VTDX9SC2C,18
BRAE4DHZDPMTFZHC,7
BRAE4DHZEAPXQVRG,8
BRAE4DHZEBCG6YAN,96
BRAE4DJMYZQ2QGKZ,5
BRAE4DJMZCWYGDJU,46
BRAE4F8NCQJFTGEZ,34
BRAE4F8NS3Y6ZYEK,58
BRAE4GF4X3VZZC9K,85
BRAE4NMVJVB4DADP,34
BRAE4S2FYF4RN49J,101
BRAE4VPRDU98VEKK,6
BRAE4VPRFQXBHFKN,104
BRAE4VPRPHT9SYZZ,40
BRAE4WV2JQMENGSZ,80
BRAE4YXVJ86CZF6F,57
BRAE4ZWYGGWFKUM3,40
BRAE4ZWYUAZGNUCH,21
BRAE57EHYXEMH88T,68
BRAE59YTMB36ZVFG,7
BRAE5F3KGHRU8H8D,32
BRAE5F3KGVA8WAJH,37
BRAE5F3KGW3JVKJH,25
BRAE5F3KHHPXDMUR,60
BRAE5F3KHNJPAZ8M,32
BRAE5F3KHPGUMPCW,46
BRAE5F3KK3YG52UR,45
BRAE5F3KRPHGNQE6,40
BRAE5F3KVH2EGHEA,43
BRAE5PKZ8QXFHWGK,40
BRAE5PKZBZGYZEMH,61
BRAE5PKZFXE3MT9C,17
BRAE5PKZGT7AMYZJ,48
BRAE5PKZGX8HNT8Z,71
BRAE5PKZHJF5SVEK,30
BRAE5PKZVRNXECR2,39
BRAE5PKZVZBDQWUR,45
BRAE5RWPM4DYMPYM,22
BRAE5RWPQAHEHQDM,11
BRAE5RWPSMVFKPBA,49
BRAE5RWPVHKFKG2U,46
BRAE5RZ6UGSFD9HE,2
BRAE5RZ6ZZKSKZ6H,14
BRAE5SCSA8E5WMKE,64
BRAE5SRETZMB5QYH,25
BRAE5VA9GBGW7M7K,34
BRAE5VA9VWFCZYGW,23
BRAE5VAW47VVDGGM,41
BRAE5VAWGFY3SGKJ,9
BRAE5VAWKA95NBFY,21
BRAE5VAWPKE5WV8M,26
BRAE5VAWWGYS2PZS,12
BRAE5VAWWRZGG3Z9,18
BRAE5VAWXNJUNHHH,75
BRAE5Y3XK4HGX4Z9,8
BRAE6AV3FZNGNTXH,34
BRAE6AV3HNZX3TWR,28
BRAE6AV3PYGAVCYZ,4
